date,open,high,low,close,volume,dividends,stock splits,symbol
2022-11-24,313.03,313.36,310.24,311.51,3976555,0.0,0.0,HD
2022-11-25,316.21,319.2,311.69,313.82,4914045,0.0,0.0,HD
2022-11-28,306.72,309.75,305.17,308.18,3795645,0.0,0.0,HD
2022-11-29,301.5,305.78,297.25,304.6,4899624,0.0,0.0,HD
2022-11-30,306.05,307.79,305.63,306.84,3661223,0.0,0.0,HD
2022-12-01,313.64,317.49,309.2,309.92,5034301,0.0,0.0,HD
2022-12-02,313.17,315.54,312.27,315.31,6035636,0.0,0.0,HD
2022-12-05,308.89,309.73,304.53,309.27,5208906,0.0,0.0,HD
2022-12-06,310.33,311.98,309.06,309.34,4115313,0.0,0.0,HD
2022-12-07,307.56,308.8,302.37,307.62,2000000,0.0,0.0,HD
2022-12-08,300.89,303.39,300.62,300.97,3094519,0.0,0.0,HD
2022-12-09,301.14,306.6,299.45,304.32,5204732,0.0,0.0,HD
2022-12-12,293.33,297.67,289.72,297.24,3989297,0.0,0.0,HD
2022-12-13,298.63,301.69,292.33,298.22,3328052,0.0,0.0,HD
2022-12-14,302.29,307.58,300.03,302.61,2742867,0.0,0.0,HD
2022-12-15,301.91,308.44,297.74,306.67,3927851,0.0,0.0,HD
2022-12-16,300.4,309.08,298.03,306.65,3282607,0.0,0.0,HD
2022-12-19,309.48,317.7,307.25,313.36,4144344,0.0,0.0,HD
2022-12-20,312.67,316.54,307.61,311.9,3553817,0.0,0.0,HD
2022-12-21,310.9,313.38,307.94,312.42,5582278,0.0,0.0,HD
2022-12-22,314.84,320.83,313.99,315.31,3831351,0.0,0.0,HD
2022-12-23,311.06,315.37,310.79,314.75,4638976,0.0,0.0,HD
2022-12-26,306.64,312.68,306.39,306.59,4109689,0.0,0.0,HD
2022-12-27,306.52,315.68,303.13,312.7,4113996,0.0,0.0,HD
2022-12-28,308.46,308.75,302.65,305.51,2122699,0.0,0.0,HD
2022-12-29,307.66,310.7,306.7,308.89,4535286,0.0,0.0,HD
2022-12-30,323.33,326.35,321.1,321.86,4280354,0.0,0.0,HD
2023-01-02,324.92,328.41,316.44,320.72,5238514,0.0,0.0,HD
2023-01-03,309.31,311.13,304.72,309.56,4148130,1.4425,0.0,HD
2023-01-04,314.53,314.79,305.26,307.12,5364941,0.0,0.0,HD
2023-01-05,300.59,304.95,297.57,301.94,2000000,0.0,0.0,HD
2023-01-06,308.45,313.66,303.1,305.36,4139726,0.0,0.0,HD
2023-01-09,306.09,310.81,303.82,308.97,4869748,0.0,0.0,HD
2023-01-10,318.73,321.81,317.23,319.5,2865159,0.0,0.0,HD
2023-01-11,322.9,325.21,319.74,322.71,3201115,0.0,0.0,HD
2023-01-12,319.29,320.88,313.14,315.98,3941368,0.7559,0.0,HD
2023-01-13,309.37,310.71,302.79,306.95,4140872,0.0,0.0,HD
2023-01-16,300.75,302.6,299.91,301.82,5625711,0.0,0.0,HD
2023-01-17,297.27,300.3,296.73,298.3,2529273,0.0,0.0,HD
2023-01-18,305.09,306.35,302.35,302.64,6336209,0.0,0.0,HD
2023-01-19,302.16,305.63,301.45,305.18,2000000,0.0,0.0,HD
2023-01-20,303.36,304.92,299.51,301.16,5089816,0.0,0.0,HD
2023-01-23,304.58,311.86,297.68,306.84,2944127,0.0,0.0,HD
2023-01-24,312.19,314.9,307.9,312.77,5670722,0.0,0.0,HD
2023-01-25,319.37,320.91,317.17,317.96,5696646,0.0,0.0,HD
2023-01-26,317.57,324.49,314.96,316.72,3842861,0.0,0.0,HD
2023-01-27,320.59,322.55,316.93,318.68,2988828,0.0,0.0,HD
2023-01-30,327.58,328.18,327.04,327.74,4924188,0.0,0.0,HD
2023-01-31,343.93,345.59,330.0,336.97,3721001,0.0,0.0,HD
2023-02-01,345.03,351.03,342.93,345.03,6927356,0.0,0.0,HD
2023-02-02,360.0,366.83,350.38,356.82,3324628,0.0,0.0,HD
2023-02-03,358.31,363.43,351.2,357.07,2554443,0.0,0.0,HD
2023-02-06,336.67,350.15,332.94,342.78,4910919,0.0,0.0,HD
2023-02-07,339.25,346.82,336.11,341.12,2582493,0.0,0.0,HD
2023-02-08,338.71,342.95,338.32,341.5,4166030,0.0,0.0,HD
2023-02-09,329.78,335.47,326.6,328.67,2466593,0.0,0.0,HD
2023-02-10,333.47,334.31,326.43,331.21,4250822,0.0,0.0,HD
2023-02-13,343.28,343.46,334.08,335.21,2696036,0.0,0.0,HD
2023-02-14,318.67,333.51,316.9,324.88,4713419,0.0,0.0,HD
2023-02-15,329.61,332.94,322.13,330.94,2987477,0.0,0.0,HD
2023-02-16,326.18,333.05,321.51,326.76,2000000,0.0,0.0,HD
2023-02-17,331.52,337.33,330.45,331.95,4286154,0.0,0.0,HD
2023-02-20,332.27,335.31,329.04,332.85,4833449,0.0,0.0,HD
2023-02-21,350.88,358.43,350.54,351.27,3493703,0.0,0.0,HD
2023-02-22,352.47,354.4,351.22,352.83,2600037,0.0,0.0,HD
2023-02-23,356.88,358.78,350.9,353.65,5236209,0.0,0.0,HD
2023-02-24,355.73,358.66,354.64,358.28,4580919,0.0,0.0,HD
2023-02-27,368.03,376.4,357.86,359.44,4115618,0.0,0.0,HD
2023-02-28,368.61,369.38,365.04,368.11,5011646,0.0,0.0,HD
2023-03-01,368.54,368.84,365.02,367.67,5014192,0.0,0.0,HD
2023-03-02,368.66,373.87,367.88,369.21,5506630,0.0,0.0,HD
2023-03-03,377.7,386.43,374.46,380.06,4223803,0.0,0.0,HD
2023-03-06,385.27,387.83,379.71,381.64,3961052,0.0,0.0,HD
2023-03-07,395.17,399.3,389.76,393.78,4468813,0.0,0.0,HD
2023-03-08,392.67,394.87,382.12,385.06,3004565,0.0,0.0,HD
2023-03-09,369.68,374.15,368.73,372.74,2000000,0.0,0.0,HD
2023-03-10,379.33,379.71,372.66,377.66,3172957,0.0,0.0,HD
2023-03-13,364.91,368.17,362.26,366.85,3298488,0.0,0.0,HD
2023-03-14,364.85,370.09,362.47,364.11,2788785,0.0,0.0,HD
2023-03-15,367.44,368.03,361.83,362.65,3221607,0.0,0.0,HD
2023-03-16,350.99,363.34,348.6,357.98,3261202,0.0,0.0,HD
2023-03-17,346.94,350.65,346.05,347.69,2013777,0.0,0.0,HD
2023-03-20,345.32,352.76,339.46,342.16,3552212,0.0,0.0,HD
2023-03-21,329.54,340.11,329.31,332.12,6083870,0.0,0.0,HD
2023-03-22,313.05,314.33,307.45,310.75,4836604,0.0,0.0,HD
2023-03-23,315.54,317.77,307.6,310.88,2795886,0.0,0.0,HD
2023-03-24,309.15,320.16,308.26,315.73,5088162,0.0,0.0,HD
2023-03-27,312.1,318.75,310.28,316.13,2736256,0.0,0.0,HD
2023-03-28,324.77,327.96,321.33,321.43,5953949,0.0,0.0,HD
2023-03-29,312.37,317.95,310.52,316.98,3909168,0.0,0.0,HD
2023-03-30,328.4,329.41,322.36,323.05,2534874,0.0,0.0,HD
2023-03-31,310.62,316.69,305.68,313.7,4122467,0.0,0.0,HD
2023-04-03,318.57,323.07,311.62,312.0,5520894,0.0,0.0,HD
2023-04-04,305.53,309.1,303.79,307.81,4316662,0.0,0.0,HD
2023-04-05,306.19,309.32,301.3,306.2,5096782,0.0,0.0,HD
2023-04-06,320.7,320.82,314.8,316.03,4111145,0.0,0.0,HD
2023-04-07,314.2,321.83,311.48,317.15,3814313,0.0,0.0,HD
2023-04-10,305.94,311.56,302.56,308.97,4373167,0.0,0.0,HD
2023-04-11,316.68,318.62,313.14,313.68,7264388,0.0,0.0,HD
2023-04-12,323.09,330.21,322.73,328.31,4093161,0.0,0.0,HD
2023-04-13,321.93,322.23,316.22,317.82,3132523,0.0,0.0,HD
2023-04-14,312.3,316.55,310.78,313.5,4169409,0.0,0.0,HD
2023-04-17,313.52,314.77,308.51,309.96,3713997,0.0,0.0,HD
2023-04-18,314.23,316.92,311.5,315.01,4589855,0.0,0.0,HD
2023-04-19,331.47,332.7,329.5,330.6,6146610,0.0,0.0,HD
2023-04-20,328.81,332.97,326.52,327.69,4709764,0.0,0.0,HD
2023-04-21,331.77,332.27,324.26,327.87,4915430,0.0,0.0,HD
2023-04-24,320.25,320.95,313.77,314.82,2446965,0.0,0.0,HD
2023-04-25,316.34,324.1,309.08,321.01,5188285,0.0,0.0,HD
2023-04-26,325.91,327.57,321.18,323.13,3317214,0.0,0.0,HD
2023-04-27,323.55,331.8,317.44,321.27,3942135,0.0,0.0,HD
2023-04-28,319.75,325.35,318.77,323.64,5315064,0.0,0.0,HD
2023-05-01,321.54,321.85,318.1,320.07,4949582,0.0,0.0,HD
2023-05-02,308.54,311.85,305.13,310.83,5646059,0.0,0.0,HD
2023-05-03,312.64,315.81,311.86,312.19,4143226,0.0,0.0,HD
2023-05-04,314.13,317.09,311.89,315.48,2553813,0.0,0.0,HD
2023-05-05,315.27,318.39,310.66,316.1,2517341,0.0,0.0,HD
2023-05-08,312.56,318.26,312.1,315.36,2359155,0.0,0.0,HD
2023-05-09,320.68,324.67,319.68,324.45,2782590,0.0,0.0,HD
2023-05-10,322.68,326.19,315.31,323.17,2000000,0.0,0.0,HD
2023-05-11,316.63,323.85,311.6,318.54,5285485,0.0,0.0,HD
2023-05-12,315.88,321.86,305.71,309.64,3199271,0.0,0.0,HD
2023-05-15,320.91,322.19,320.91,321.17,3168524,0.0,0.0,HD
2023-05-16,329.79,337.77,324.71,324.98,2637128,0.0,0.0,HD
2023-05-17,316.55,325.51,314.79,320.11,4397980,0.0,0.0,HD
2023-05-18,313.48,316.65,309.61,310.38,5180089,0.0,0.0,HD
2023-05-19,322.62,325.78,319.33,321.2,4262587,0.0,0.0,HD
2023-05-22,319.03,320.4,316.73,319.55,3292505,0.0,0.0,HD
2023-05-23,328.76,330.83,324.88,326.63,4591942,0.0,0.0,HD
2023-05-24,326.78,331.81,326.61,328.83,4485497,0.0,0.0,HD
2023-05-25,330.39,339.99,329.3,333.29,3917706,0.0,0.0,HD
2023-05-26,352.08,354.92,345.82,346.45,2268931,0.0,0.0,HD
2023-05-29,341.97,343.23,337.17,340.23,4101132,0.0,0.0,HD
2023-05-30,331.75,335.11,327.28,329.42,4583060,0.0,0.0,HD
2023-05-31,320.79,322.55,318.58,320.96,4770549,0.0,0.0,HD
2023-06-01,328.99,332.19,317.46,322.67,5251218,0.0,0.0,HD
2023-06-02,315.36,321.3,312.52,319.6,5021872,0.0,0.0,HD
2023-06-05,316.04,320.16,314.23,319.38,4980516,0.0,0.0,HD
2023-06-06,317.4,322.26,317.36,320.36,6130379,0.0,0.0,HD
2023-06-07,327.49,328.33,321.52,323.23,3495814,0.0,0.0,HD
2023-06-08,321.54,323.88,318.79,321.63,3294013,0.0,0.0,HD
2023-06-09,331.25,333.7,328.13,330.58,5237833,0.0,0.0,HD
2023-06-12,329.18,331.31,325.96,328.1,2446732,0.0,0.0,HD
2023-06-13,330.55,330.89,326.89,328.23,3595117,0.0,0.0,HD
2023-06-14,332.93,336.05,329.0,330.27,3067709,0.0,0.0,HD
2023-06-15,328.25,334.15,326.93,329.02,4314906,0.0,0.0,HD
2023-06-16,315.4,323.99,312.29,323.48,6009760,0.0,0.0,HD
2023-06-19,307.53,314.02,301.65,310.75,2000000,0.0,0.0,HD
2023-06-20,316.82,318.7,309.5,312.75,4895299,1.3194,0.0,HD
2023-06-21,315.64,320.04,313.59,313.61,5167831,0.0,0.0,HD
2023-06-22,313.31,313.67,311.58,312.81,3876182,0.0,0.0,HD
2023-06-23,307.87,311.41,303.8,311.4,4103946,0.0,0.0,HD
2023-06-26,297.45,307.62,295.4,304.09,4293451,0.0,0.0,HD
2023-06-27,316.39,317.75,310.48,313.05,3227071,0.0,0.0,HD
2023-06-28,307.83,310.75,301.0,304.51,5337339,0.0,0.0,HD
2023-06-29,308.06,308.19,304.34,305.19,4119122,0.0,0.0,HD
2023-06-30,300.72,313.92,299.11,307.76,3879082,0.0,0.0,HD
2023-07-03,303.12,309.1,302.64,303.99,4045499,0.0,0.0,HD
2023-07-04,306.53,311.1,300.12,301.54,2092011,0.0,0.0,HD
2023-07-05,301.3,301.39,297.51,297.72,3139250,0.0,0.0,HD
2023-07-06,307.56,309.9,303.53,307.03,4595323,0.0,0.0,HD
2023-07-07,292.25,297.77,290.36,296.45,6366429,0.0,0.0,HD
2023-07-10,298.27,300.55,296.99,299.71,3918308,0.0,0.0,HD
2023-07-11,304.94,310.14,301.16,303.41,7460570,0.0,0.0,HD
2023-07-12,311.11,314.45,308.19,309.34,3834002,0.0,0.0,HD
2023-07-13,294.83,300.1,291.49,298.6,2000000,0.0,0.0,HD
2023-07-14,280.22,286.15,277.82,283.01,5155154,0.0,0.0,HD
2023-07-17,293.77,297.21,291.78,294.12,3049352,0.0,0.0,HD
2023-07-18,283.45,284.04,278.67,281.69,6693010,0.0,0.0,HD
2023-07-19,278.02,285.75,275.08,283.04,3634185,0.0,0.0,HD
2023-07-20,282.77,282.91,277.49,280.54,3006007,0.0,0.0,HD
2023-07-21,277.61,279.28,270.8,278.78,3438488,0.0,0.0,HD
2023-07-24,288.05,290.45,285.63,287.19,2763658,0.0,0.0,HD
2023-07-25,286.59,292.59,282.0,288.39,3462512,0.0,0.0,HD
2023-07-26,291.39,292.62,290.2,291.09,2000000,0.0,0.0,HD
2023-07-27,287.14,292.02,284.39,286.39,4261952,0.0,0.0,HD
2023-07-28,283.73,284.69,283.21,284.14,3065510,0.0,0.0,HD
2023-07-31,280.27,281.11,274.25,277.97,4046694,0.0,0.0,HD
2023-08-01,276.49,278.04,270.28,275.48,5500057,0.0,0.0,HD
2023-08-02,271.3,273.63,270.89,272.01,3024330,0.0,0.0,HD
2023-08-03,263.99,265.46,262.8,264.91,5027647,0.0,0.0,HD
2023-08-04,262.62,263.1,255.91,257.65,4511496,0.0,0.0,HD
2023-08-07,266.09,276.31,264.04,267.87,5446066,0.0,0.0,HD
2023-08-08,260.1,261.85,256.9,259.58,3433503,0.0,0.0,HD
2023-08-09,254.48,257.97,253.4,257.26,2719027,0.0,0.0,HD
2023-08-10,257.36,262.47,256.35,257.15,4358965,0.0,0.0,HD
2023-08-11,253.26,256.67,251.14,252.07,2966261,0.0,0.0,HD
2023-08-14,252.6,253.63,251.99,252.01,4618034,0.0,0.0,HD
2023-08-15,262.51,263.03,258.58,261.8,5445668,0.0,0.0,HD
2023-08-16,261.12,263.12,259.46,261.98,4323434,0.0,0.0,HD
2023-08-17,263.66,268.0,262.05,263.97,4316242,0.0,0.0,HD
2023-08-18,264.82,265.53,261.32,261.39,4875063,0.0,0.0,HD
2023-08-21,261.43,265.88,261.34,265.18,3510906,0.0,0.0,HD
2023-08-22,271.99,274.26,269.32,269.88,3801987,0.0,0.0,HD
2023-08-23,276.95,279.91,273.32,275.08,4275292,0.0,0.0,HD
2023-08-24,277.16,277.42,273.66,276.34,4480644,0.0,0.0,HD
2023-08-25,277.58,285.98,272.53,284.43,4880339,0.0,0.0,HD
2023-08-28,285.76,288.15,280.71,287.08,4557096,0.0,0.0,HD
2023-08-29,300.01,300.25,294.31,297.99,3942715,0.0,0.0,HD
2023-08-30,294.41,298.13,293.39,295.47,2095647,0.0,0.0,HD
2023-08-31,289.81,295.32,285.99,294.75,3987713,0.0,0.0,HD
2023-09-01,306.35,307.08,298.28,302.65,2000000,0.0,0.0,HD
2023-09-04,297.71,300.39,296.31,297.89,3649451,0.0,0.0,HD
2023-09-05,299.03,302.12,293.47,293.72,5261615,0.0,0.0,HD
2023-09-06,306.28,307.37,302.75,303.97,6095116,0.0,0.0,HD
2023-09-07,298.34,303.6,297.66,300.93,5212286,0.0,0.0,HD
2023-09-08,293.48,293.84,289.12,290.31,3882848,0.0,0.0,HD
2023-09-11,290.11,290.63,284.24,285.41,4377213,0.0,0.0,HD
2023-09-12,286.19,288.29,281.6,283.84,2000000,0.0,0.0,HD
2023-09-13,281.99,284.55,278.52,283.99,3668780,0.0,0.0,HD
2023-09-14,285.63,290.17,282.95,287.2,4026447,0.0,0.0,HD
2023-09-15,297.09,299.49,290.33,293.47,6232608,0.0,0.0,HD
2023-09-18,286.56,290.07,284.43,288.25,2415150,0.0,0.0,HD
2023-09-19,294.84,296.94,294.04,295.43,4851751,0.0,0.0,HD
2023-09-20,296.81,299.76,295.53,296.65,4106509,0.0,0.0,HD
2023-09-21,307.83,312.85,305.03,305.91,4890035,0.0,0.0,HD
2023-09-22,301.46,309.89,300.05,306.16,4719738,0.0,0.0,HD
2023-09-25,298.69,303.26,296.99,303.25,4791825,0.0,0.0,HD
2023-09-26,307.13,309.88,304.99,309.14,4450405,0.0,0.0,HD
2023-09-27,306.56,310.91,300.63,307.05,4551349,0.0,0.0,HD
2023-09-28,300.9,307.28,297.73,302.22,3037241,0.0,0.0,HD
2023-09-29,304.43,304.75,300.41,300.79,4825505,0.0,0.0,HD
2023-10-02,315.61,317.6,312.68,316.08,5181825,0.0,0.0,HD
2023-10-03,310.42,316.08,306.59,308.74,3192913,0.0,0.0,HD
2023-10-04,300.07,302.8,295.85,301.72,3114153,0.0,0.0,HD
2023-10-05,294.45,296.28,291.86,295.94,3262602,0.0,0.0,HD
2023-10-06,289.97,293.02,286.04,291.08,2718285,0.0,0.0,HD
2023-10-09,286.93,289.22,285.56,289.01,4950194,0.0,0.0,HD
2023-10-10,294.4,295.32,292.26,295.04,2872241,0.0,0.0,HD
2023-10-11,276.67,284.81,273.68,280.33,3847132,0.0,0.0,HD
2023-10-12,285.01,291.13,281.57,287.38,2000000,0.0,0.0,HD
2023-10-13,289.12,294.85,287.57,293.06,2000000,0.0,0.0,HD
2023-10-16,288.29,291.18,286.1,290.94,2000000,0.0,0.0,HD
2023-10-17,290.33,293.25,288.63,290.74,3253167,0.0,0.0,HD
2023-10-18,292.77,297.08,291.62,293.53,4947307,0.0,0.0,HD
2023-10-19,289.83,292.6,285.53,292.51,6081550,0.0,0.0,HD
2023-10-20,288.16,291.17,286.84,290.74,4182592,0.0,0.0,HD
2023-10-23,292.67,297.36,289.26,296.5,2890189,0.0,0.0,HD
2023-10-24,296.83,297.27,290.95,291.3,6991620,0.0,0.0,HD
2023-10-25,299.24,307.55,295.33,301.0,3519836,0.0,0.0,HD
2023-10-26,287.42,290.99,279.59,287.53,2000000,0.0,0.0,HD
2023-10-27,296.05,298.85,294.62,297.9,6128283,0.0,0.0,HD
2023-10-30,290.14,290.71,287.84,287.85,5304103,0.0,0.0,HD
2023-10-31,284.85,290.45,284.55,285.21,3989855,0.0,0.0,HD
2023-11-01,286.37,288.62,282.25,283.82,3938655,0.0,0.0,HD
2023-11-02,281.74,287.72,275.71,277.92,5996638,0.0,0.0,HD
2023-11-03,274.21,278.63,273.41,276.56,2872800,0.0,0.0,HD
2023-11-06,277.43,282.61,277.23,278.37,5800615,0.0,0.0,HD
2023-11-07,293.08,296.53,289.72,290.33,2000000,0.0,0.0,HD
2023-11-08,290.36,293.23,286.2,292.18,5252352,0.0,0.0,HD
2023-11-09,286.43,292.34,286.3,288.36,4756732,0.0,0.0,HD
2023-11-10,282.86,285.43,280.13,283.22,4058359,0.0,0.0,HD
2023-11-13,286.93,289.3,282.67,284.3,5350710,0.0,0.0,HD
2023-11-14,285.17,293.11,283.72,286.12,4686015,0.0,0.0,HD
2023-11-15,293.11,296.49,286.13,287.83,4195439,0.0,0.0,HD
2023-11-16,277.07,277.99,276.33,277.31,3574980,0.0,0.0,HD
2023-11-17,271.6,273.53,268.32,273.38,4029625,0.0,0.0,HD
2023-11-20,269.97,277.3,268.13,271.72,3733100,0.0,0.0,HD
2023-11-21,268.72,274.43,266.93,270.24,2484700,0.0,0.0,HD
2023-11-22,272.51,274.47,271.52,274.29,4612043,0.0,0.0,HD
2023-11-23,267.07,269.86,266.65,268.29,3049181,0.0,0.0,HD
2023-11-24,263.77,269.19,262.89,265.72,3499737,0.0,0.0,HD
2023-11-27,274.94,277.78,270.48,271.02,4259488,0.0,0.0,HD
2023-11-28,269.76,272.76,265.04,266.74,4403056,0.0,0.0,HD
2023-11-29,266.7,271.6,266.26,266.51,5549012,0.0,0.0,HD
2023-11-30,268.86,273.66,258.64,262.37,6098995,0.0,0.0,HD
2023-12-01,268.57,273.11,264.08,267.32,3318578,0.0,0.0,HD
2023-12-04,270.9,271.4,264.43,266.68,4731243,0.0,0.0,HD
2023-12-05,270.16,271.39,267.71,268.06,5036458,0.0,0.0,HD
2023-12-06,261.5,264.03,259.95,262.61,5122172,0.0,0.0,HD
2023-12-07,258.29,262.11,257.87,261.48,2243957,0.0,0.0,HD
2023-12-08,257.88,258.51,256.58,257.08,3550066,0.0,0.0,HD
2023-12-11,256.32,260.17,254.52,256.4,4760754,0.0,0.0,HD
2023-12-12,268.62,276.02,260.94,265.49,3282344,0.0,0.0,HD
2023-12-13,261.62,266.48,260.91,265.1,3737352,0.0,0.0,HD
2023-12-14,272.77,274.03,269.02,273.54,5087450,0.0,0.0,HD
2023-12-15,275.99,278.26,274.32,275.6,4338011,0.0,0.0,HD
2023-12-18,291.34,292.65,286.26,290.93,3783062,0.0,0.0,HD
2023-12-19,295.56,297.85,291.07,293.85,3163448,0.0,0.0,HD
2023-12-20,298.98,300.99,290.1,294.02,6100155,0.0,0.0,HD
2023-12-21,292.08,292.14,289.35,290.47,3115284,0.0,0.0,HD
2023-12-22,289.22,296.27,285.85,287.41,2765836,0.0,0.0,HD
2023-12-25,290.65,293.7,287.08,293.22,5175274,0.0,0.0,HD
2023-12-26,280.17,297.12,272.13,292.76,5631678,0.0,0.0,HD
2023-12-27,294.51,300.44,292.75,296.54,5633242,0.0,0.0,HD
2023-12-28,287.84,290.56,286.64,289.9,6014283,0.0,0.0,HD
2023-12-29,282.31,286.48,275.55,284.54,4720912,0.0,0.0,HD
2024-01-01,292.47,294.06,286.41,288.54,2000000,0.0,0.0,HD
2024-01-02,286.18,289.86,281.64,288.02,2000000,0.0,0.0,HD
2024-01-03,281.12,282.86,275.86,280.13,3111388,0.0,0.0,HD
2024-01-04,282.31,285.18,278.78,284.2,2981475,0.0,0.0,HD
2024-01-05,283.24,287.13,278.43,284.73,2885182,0.0,0.0,HD
2024-01-08,286.08,291.99,285.26,288.73,5009579,0.0,0.0,HD
2024-01-09,296.95,299.85,293.56,299.17,6133356,0.0,0.0,HD
2024-01-10,293.28,294.35,290.22,291.1,3782984,0.0,0.0,HD
2024-01-11,280.42,280.72,275.6,276.99,2000000,0.0,0.0,HD
2024-01-12,277.99,278.21,272.57,275.6,5338128,0.0,0.0,HD
2024-01-15,275.96,279.35,273.75,276.19,4665378,0.0,0.0,HD
2024-01-16,284.87,286.52,280.92,285.31,4162915,0.0,0.0,HD
2024-01-17,283.91,285.39,275.42,281.13,5338578,0.0,0.0,HD
2024-01-18,275.73,280.67,274.56,279.64,7270383,0.0,0.0,HD
2024-01-19,279.49,283.92,279.31,279.51,3650060,0.0,0.0,HD
2024-01-22,274.7,284.04,271.86,278.83,5298969,0.0,0.0,HD
2024-01-23,281.43,282.44,274.05,277.13,2080178,0.0,0.0,HD
2024-01-24,271.04,279.48,266.7,273.44,5581667,0.0,0.0,HD
2024-01-25,273.41,274.44,268.4,268.42,3666767,0.0,0.0,HD
2024-01-26,276.58,276.85,270.04,274.46,4601827,0.0,0.0,HD
2024-01-29,283.9,285.41,275.83,277.03,3860148,0.0,0.0,HD
2024-01-30,274.79,276.88,269.99,271.66,4088867,0.0,0.0,HD
2024-01-31,260.68,264.66,258.23,264.66,3798013,0.0,0.0,HD
2024-02-01,256.7,263.3,253.36,259.17,4976473,0.0,0.0,HD
2024-02-02,259.33,261.37,258.58,261.19,4153179,0.0,0.0,HD
2024-02-05,254.57,259.83,250.93,257.03,3661103,0.0,0.0,HD
2024-02-06,253.98,257.5,249.79,252.64,5275663,0.0,0.0,HD
2024-02-07,252.2,255.45,249.15,252.53,5983729,0.0,0.0,HD
2024-02-08,249.08,252.0,245.87,248.11,4309517,0.0,0.0,HD
2024-02-09,249.81,250.36,247.01,247.42,5567925,0.0,0.0,HD
2024-02-12,253.99,257.96,251.4,251.82,3894389,0.0,0.0,HD
2024-02-13,253.56,255.66,251.99,253.43,4131351,0.0,0.0,HD
2024-02-14,257.13,257.33,256.43,257.23,5244990,0.0,0.0,HD
2024-02-15,252.53,254.67,251.26,253.63,2877528,0.0,0.0,HD
2024-02-16,249.87,253.27,247.38,248.64,2811397,0.7326,0.0,HD
2024-02-19,246.22,250.05,243.8,247.09,4134850,0.0,0.0,HD
2024-02-20,260.63,262.91,258.3,260.14,6508201,0.0,0.0,HD
2024-02-21,271.1,273.3,266.4,270.49,2261588,0.0,0.0,HD
2024-02-22,269.28,276.43,264.29,270.23,5111052,0.0,0.0,HD
2024-02-23,263.2,268.14,261.65,267.81,4976050,0.0,0.0,HD
2024-02-26,263.96,265.7,262.56,263.57,3326960,0.0,0.0,HD
2024-02-27,266.32,268.34,261.32,264.39,3629841,0.0,0.0,HD
2024-02-28,265.32,267.36,260.26,261.93,5335591,0.0,0.0,HD
2024-02-29,268.26,268.49,263.57,265.2,3927721,0.0,0.0,HD
2024-03-01,260.62,261.54,256.82,258.26,3227338,0.0,0.0,HD
2024-03-04,270.59,271.92,267.77,268.96,3245989,0.0,0.0,HD
2024-03-05,271.19,278.14,269.63,271.53,4779244,0.0,0.0,HD
2024-03-06,273.47,276.94,271.56,275.88,3693536,0.0,0.0,HD
2024-03-07,264.43,267.31,263.91,267.08,2000000,0.0,0.0,HD
2024-03-08,264.95,266.26,262.21,266.11,3794452,0.0,0.0,HD
2024-03-11,262.39,267.52,260.05,267.02,4886085,0.0,0.0,HD
2024-03-12,272.07,274.04,268.04,268.46,4374568,0.0,0.0,HD
2024-03-13,281.0,287.03,280.23,280.97,3711030,0.0,0.0,HD
2024-03-14,285.45,287.3,282.7,283.82,3226653,0.0,0.0,HD
2024-03-15,285.29,285.69,280.9,282.53,2538192,0.0,0.0,HD
2024-03-18,289.03,295.56,287.78,290.07,6114735,0.0,0.0,HD
2024-03-19,297.61,302.56,292.81,293.11,4401373,0.0,0.0,HD
2024-03-20,285.07,288.54,280.89,287.13,2815825,0.0,0.0,HD
2024-03-21,287.38,288.09,283.22,285.25,3458327,0.0,0.0,HD
2024-03-22,280.16,283.01,279.34,282.95,6041853,0.0,0.0,HD
2024-03-25,281.36,286.96,281.35,282.26,3891186,0.0,0.0,HD
2024-03-26,280.08,280.64,273.92,278.78,2056949,0.0,0.0,HD
2024-03-27,281.58,282.76,272.23,278.18,4177142,0.0,0.0,HD
2024-03-28,278.11,283.69,273.66,280.94,4136737,0.0,0.0,HD
2024-03-29,286.42,291.3,285.46,288.06,5181733,0.0,0.0,HD
2024-04-01,299.65,302.27,294.13,296.93,3683987,0.0,0.0,HD
2024-04-02,302.54,308.12,296.82,300.22,3565705,0.0,0.0,HD
2024-04-03,301.55,301.86,298.89,301.23,3754197,0.0,0.0,HD
2024-04-04,299.54,309.53,299.31,303.47,3084209,0.0,0.0,HD
2024-04-05,304.86,310.42,302.51,303.71,2625377,0.0,0.0,HD
2024-04-08,294.02,294.68,289.99,291.53,5126911,0.0,0.0,HD
2024-04-09,307.34,310.35,301.14,304.23,4348058,0.0,0.0,HD
2024-04-10,303.92,307.96,300.6,302.46,3049158,0.0,0.0,HD
2024-04-11,309.22,314.72,308.5,310.23,3499215,0.0,0.0,HD
2024-04-12,317.24,317.82,304.86,310.81,3154174,0.0,0.0,HD
2024-04-15,314.52,317.33,309.67,312.75,4045006,0.0,0.0,HD
2024-04-16,331.03,332.41,326.37,327.32,3669285,0.0,0.0,HD
2024-04-17,328.11,330.19,323.85,325.22,4092536,0.0,0.0,HD
2024-04-18,311.21,314.23,309.94,313.08,5384981,0.0,0.0,HD
2024-04-19,320.68,321.75,317.09,321.46,2712839,0.0,0.0,HD
2024-04-22,314.77,315.26,310.24,314.06,2513484,0.0,0.0,HD
2024-04-23,310.47,317.93,310.04,313.43,5141553,0.0,0.0,HD
2024-04-24,304.28,306.74,302.38,306.33,5984561,0.0,0.0,HD
2024-04-25,306.15,309.16,299.58,304.29,4406340,0.0,0.0,HD
2024-04-26,299.22,302.0,298.31,298.48,2000000,0.0,0.0,HD
2024-04-29,293.8,299.98,290.65,296.67,5536456,0.0,0.0,HD
2024-04-30,299.18,300.03,292.84,296.42,4567636,0.0,0.0,HD
2024-05-01,288.61,291.83,281.27,285.29,3117850,0.0,0.0,HD
2024-05-02,289.19,292.11,287.58,290.56,2916239,0.0,0.0,HD
2024-05-03,284.11,290.14,284.0,286.36,3413301,0.0,0.0,HD
2024-05-06,293.22,293.8,288.97,290.08,5089724,0.0,0.0,HD
2024-05-07,291.66,293.07,289.56,289.91,6877652,0.0,0.0,HD
2024-05-08,279.09,287.23,278.41,285.65,2477862,0.0,0.0,HD
2024-05-09,292.5,297.73,279.93,288.91,2855378,0.0,0.0,HD
2024-05-10,291.04,294.56,289.26,293.21,2335077,0.0,0.0,HD
2024-05-13,296.49,298.99,295.36,295.96,4380460,0.0,0.0,HD
2024-05-14,289.41,293.17,285.49,292.53,3410331,0.0,0.0,HD
2024-05-15,293.23,296.2,289.92,294.07,4617859,0.0,0.0,HD
2024-05-16,291.94,296.57,291.12,296.18,2165939,0.0,0.0,HD
2024-05-17,291.9,294.43,288.37,291.45,4020735,0.0,0.0,HD
2024-05-20,276.45,279.33,275.69,277.73,3094537,0.0,0.0,HD
2024-05-21,276.95,280.6,268.24,273.06,4395244,0.0,0.0,HD
2024-05-22,262.5,263.61,261.7,263.47,4032040,0.0,0.0,HD
2024-05-23,262.14,263.4,260.43,262.46,5643311,0.0,0.0,HD
2024-05-24,253.57,260.29,249.34,258.25,3165513,0.0,0.0,HD
2024-05-27,252.44,256.27,249.6,256.13,5855319,0.0,0.0,HD
2024-05-28,260.9,264.02,258.63,258.89,2530438,0.0,0.0,HD
2024-05-29,265.82,267.55,261.9,264.44,3720702,0.0,0.0,HD
2024-05-30,259.83,264.95,255.05,261.89,4217575,0.0,0.0,HD
2024-05-31,265.29,267.58,262.67,266.56,2000000,0.0,0.0,HD
2024-06-03,275.7,277.32,274.76,275.21,2738860,0.0,0.0,HD
2024-06-04,268.14,269.03,265.0,266.02,4976398,0.0,0.0,HD
2024-06-05,279.05,283.19,278.36,280.28,2991349,0.0,0.0,HD
2024-06-06,278.06,278.73,275.03,277.54,5477082,0.0,0.0,HD
2024-06-07,277.14,280.89,276.56,276.77,5327744,0.0,0.0,HD
2024-06-10,270.56,274.24,267.77,272.7,4287393,0.0,0.0,HD
2024-06-11,270.95,271.34,262.86,267.6,5568774,0.0,0.0,HD
2024-06-12,268.77,269.36,262.84,265.13,5901199,0.0,0.0,HD
2024-06-13,272.85,273.84,269.04,272.77,3834457,0.0,0.0,HD
2024-06-14,269.51,269.75,263.28,269.42,3213325,0.0,0.0,HD
2024-06-17,259.72,267.83,259.48,265.37,2042022,0.0,0.0,HD
2024-06-18,275.79,276.34,273.49,273.59,3212452,0.0,0.0,HD
2024-06-19,274.87,277.97,271.39,276.27,3109933,0.0,0.0,HD
2024-06-20,270.48,276.84,267.62,270.21,2170648,0.0,0.0,HD
2024-06-21,266.56,268.61,262.44,268.12,2716711,0.0,0.0,HD
2024-06-24,264.72,269.28,263.47,267.99,3388415,0.0,0.0,HD
2024-06-25,269.98,272.98,269.54,270.03,4349216,0.0,0.0,HD
2024-06-26,281.15,281.26,280.18,280.24,4533559,0.0,0.0,HD
2024-06-27,281.52,289.29,280.92,286.35,5185232,0.0,0.0,HD
2024-06-28,280.99,285.86,278.25,283.57,4069762,0.0,0.0,HD
2024-07-01,291.19,297.11,288.01,288.87,2360247,0.0,0.0,HD
2024-07-02,284.93,288.54,281.3,282.39,2941059,0.0,0.0,HD
2024-07-03,276.72,286.0,274.68,278.87,5384923,0.0,0.0,HD
2024-07-04,281.18,281.3,279.63,280.82,4157007,0.0,0.0,HD
2024-07-05,285.58,286.14,281.95,286.01,5395148,0.0,0.0,HD
2024-07-08,281.58,285.86,276.52,284.65,3462521,0.0,0.0,HD
2024-07-09,271.26,275.9,270.47,271.86,3535335,0.0,0.0,HD
2024-07-10,270.72,274.6,267.32,268.37,2892058,0.0,0.0,HD
2024-07-11,266.96,271.67,265.89,271.17,2201061,0.0,0.0,HD
2024-07-12,271.83,276.84,268.78,273.19,4681020,0.0,0.0,HD
2024-07-15,273.46,273.76,271.7,272.95,2000000,0.0,0.0,HD
2024-07-16,276.01,277.27,268.09,274.35,3526933,0.0,0.0,HD
2024-07-17,277.43,281.63,271.38,271.95,2991484,0.0,0.0,HD
2024-07-18,276.7,282.32,275.38,277.13,4132960,0.0,0.0,HD
2024-07-19,279.01,279.69,276.96,278.23,4193626,0.0,0.0,HD
2024-07-22,285.88,293.46,283.66,284.11,2875479,0.0,0.0,HD
2024-07-23,288.9,295.38,284.08,292.05,4075960,0.0,0.0,HD
2024-07-24,284.97,287.11,277.63,280.54,2857431,0.0,0.0,HD
2024-07-25,286.04,286.46,280.86,281.56,3184761,0.0,0.0,HD
2024-07-26,288.85,291.73,286.9,288.29,3671607,0.0,0.0,HD
2024-07-29,294.88,296.35,293.2,294.81,5142701,0.0,0.0,HD
2024-07-30,296.15,298.97,293.0,298.0,4676930,0.0,0.0,HD
2024-07-31,303.88,303.97,294.04,300.57,4057387,0.0,0.0,HD
2024-08-01,299.39,300.52,293.34,297.52,4324091,0.0,0.0,HD
2024-08-02,307.68,308.68,299.35,302.77,4579294,0.0,0.0,HD
2024-08-05,302.78,309.08,299.86,305.14,3335361,0.0,0.0,HD
2024-08-06,309.08,313.04,306.18,307.72,2669122,0.0,0.0,HD
2024-08-07,301.05,303.83,296.65,298.62,5085319,0.0,0.0,HD
2024-08-08,293.4,293.7,289.6,292.38,4507090,0.0,0.0,HD
2024-08-09,299.4,300.54,292.16,297.43,4639787,0.0,0.0,HD
2024-08-12,305.24,308.67,297.09,298.82,4557297,0.0,0.0,HD
2024-08-13,293.82,297.38,292.48,292.97,6570639,0.0,0.0,HD
2024-08-14,302.95,304.41,295.42,298.17,2612082,0.0,0.0,HD
2024-08-15,288.23,296.93,287.1,293.96,3484245,0.0,0.0,HD
2024-08-16,299.28,305.99,299.07,301.94,4505609,0.0,0.0,HD
2024-08-19,302.74,309.25,301.31,306.61,4830949,0.0,0.0,HD
2024-08-20,314.29,323.11,313.94,320.16,2893832,0.0,0.0,HD
2024-08-21,329.29,336.49,324.56,326.66,5222879,0.0,0.0,HD
2024-08-22,328.75,333.72,327.04,327.73,4134284,0.0,0.0,HD
2024-08-23,326.15,328.64,325.1,328.32,5734599,0.0,0.0,HD
2024-08-26,325.8,330.04,319.67,324.75,3490728,0.0,0.0,HD
2024-08-27,326.21,330.43,323.42,326.83,4551514,0.0,0.0,HD
2024-08-28,312.95,314.11,311.68,312.88,3063209,0.0,0.0,HD
2024-08-29,318.34,319.97,315.79,316.69,6005275,0.0,0.0,HD
2024-08-30,315.28,318.53,309.93,310.52,4810068,0.4619,0.0,HD
2024-09-02,313.69,318.75,311.62,316.8,2859547,0.0,0.0,HD
2024-09-03,318.69,321.86,311.73,315.39,4057528,0.0,0.0,HD
2024-09-04,315.46,316.48,310.58,314.1,3207267,0.0,0.0,HD
2024-09-05,310.63,316.58,305.76,315.86,5453859,0.0,0.0,HD
2024-09-06,317.05,319.69,314.64,316.2,3775019,0.0,0.0,HD
2024-09-09,307.74,310.54,307.71,307.96,4562901,0.0,0.0,HD
2024-09-10,323.93,328.46,319.47,322.62,3323004,0.0,0.0,HD
2024-09-11,329.95,331.88,322.41,323.21,2314162,0.0,0.0,HD
2024-09-12,327.42,330.9,326.47,329.04,2395361,0.0,0.0,HD
2024-09-13,329.85,339.28,329.83,332.2,4922165,0.0,0.0,HD
2024-09-16,335.09,340.48,334.02,339.48,3777593,0.0,0.0,HD
2024-09-17,333.91,340.63,330.32,336.4,5458529,0.0,0.0,HD
2024-09-18,337.98,339.83,329.74,334.34,3125713,0.0,0.0,HD
2024-09-19,336.59,337.04,331.07,331.62,4065282,0.0,0.0,HD
2024-09-20,324.3,332.73,323.03,326.91,3253030,0.0,0.0,HD
2024-09-23,323.32,324.86,317.09,324.24,4734787,0.0,0.0,HD
2024-09-24,323.43,328.67,320.62,326.74,4156824,0.0,0.0,HD
2024-09-25,332.29,335.39,326.21,329.25,5578933,0.0,0.0,HD
2024-09-26,326.67,331.42,324.36,328.88,4531879,0.0,0.0,HD
2024-09-27,323.31,330.1,320.52,324.89,2000000,0.0,0.0,HD
2024-09-30,317.98,322.22,317.24,317.46,5096557,0.0,0.0,HD
2024-10-01,310.53,312.43,310.23,311.47,6880059,0.0,0.0,HD
2024-10-02,297.15,303.69,295.7,300.3,4584714,0.0,0.0,HD
2024-10-03,287.76,288.24,282.52,287.69,3782182,0.0,0.0,HD
2024-10-04,288.65,292.79,287.02,291.18,3658051,0.0,0.0,HD
2024-10-07,292.11,295.71,286.79,289.74,2789634,0.0,0.0,HD
2024-10-08,290.1,293.41,284.23,291.81,5505188,0.0,0.0,HD
2024-10-09,301.03,301.5,300.83,301.44,3106599,0.0,0.0,HD
2024-10-10,296.56,301.56,291.71,301.4,3104985,0.0,0.0,HD
2024-10-11,299.94,302.57,298.84,299.89,3668413,0.0,0.0,HD
2024-10-14,295.04,299.45,293.32,296.58,2000000,0.0,0.0,HD
2024-10-15,294.16,299.74,293.82,296.2,3461921,0.0,0.0,HD
2024-10-16,283.79,294.86,283.22,290.82,4986449,0.0,0.0,HD
2024-10-17,285.97,290.74,280.19,287.85,4717702,0.0,0.0,HD
2024-10-18,290.9,294.02,282.87,285.37,3659448,0.0,0.0,HD
2024-10-21,275.11,280.98,269.02,272.1,5474361,0.0,0.0,HD
2024-10-22,262.19,264.33,259.7,263.11,2000000,0.0,0.0,HD
2024-10-23,257.21,264.41,251.93,260.16,2872131,0.0,0.0,HD
2024-10-24,258.47,261.34,257.47,258.62,4892468,0.0,0.0,HD
2024-10-25,255.61,258.23,254.17,255.07,2115794,0.0,0.0,HD
2024-10-28,244.56,250.18,244.09,246.01,3529771,0.0,0.0,HD
2024-10-29,241.42,248.31,239.52,247.04,3550133,0.0,0.0,HD
2024-10-30,241.6,247.04,239.69,246.95,4855391,0.0,0.0,HD
2024-10-31,235.8,241.82,234.99,238.54,3233990,0.0,0.0,HD
2024-11-01,226.58,230.19,223.74,228.98,3711372,0.0,0.0,HD
2024-11-04,232.32,238.71,227.36,233.62,2289736,0.0,0.0,HD
2024-11-05,237.66,239.77,232.19,234.47,2895601,0.0,0.0,HD
2024-11-06,243.34,243.84,238.33,241.95,2086896,0.0,0.0,HD
2024-11-07,245.6,247.42,240.28,244.97,6030384,0.0,0.0,HD
2024-11-08,238.49,242.02,235.87,238.22,4623621,0.0,0.0,HD
2024-11-11,241.76,244.6,239.99,240.88,4774105,0.0,0.0,HD
2024-11-12,236.06,241.35,234.67,240.19,3320945,0.0,0.0,HD
2024-11-13,233.78,240.32,232.41,236.0,5915522,0.0,0.0,HD
2024-11-14,236.41,240.47,236.08,238.0,6029674,0.0,0.0,HD
2024-11-15,234.88,237.05,229.18,229.97,4130492,0.0,0.0,HD
2024-11-18,230.7,231.82,230.29,231.3,3438225,0.0,0.0,HD
2024-11-19,228.8,231.47,228.17,229.78,2000000,0.0,0.0,HD
2024-11-20,216.39,218.88,215.27,216.96,2000000,0.0,0.0,HD
2024-11-21,215.27,216.86,212.58,216.81,5419723,0.0,0.0,HD
2024-11-22,219.47,220.73,218.39,220.15,2550815,0.0,0.0,HD
2024-11-25,212.21,216.63,212.02,214.42,4578062,0.0,0.0,HD
2024-11-26,205.67,211.34,204.17,210.32,4604524,0.0,0.0,HD
2024-11-27,211.44,211.57,205.97,209.59,2705857,0.0,0.0,HD
2024-11-28,208.52,211.99,203.86,207.72,4884780,0.0,0.0,HD
2024-11-29,207.44,208.07,204.7,207.63,2000000,0.0,0.0,HD
2024-12-02,211.39,213.3,205.76,208.42,5225388,0.0,0.0,HD
2024-12-03,208.33,213.76,206.58,210.4,4620723,0.0,0.0,HD
2024-12-04,216.14,216.87,212.91,215.3,6146372,0.0,0.0,HD
2024-12-05,208.25,208.26,204.36,208.23,4123131,0.0,0.0,HD
2024-12-06,206.07,211.95,205.08,210.83,2333678,0.0,0.0,HD
2024-12-09,206.04,209.13,205.73,208.52,2680499,0.0,0.0,HD
2024-12-10,206.67,206.92,203.25,203.86,2000000,0.0,0.0,HD
2024-12-11,206.16,208.12,204.36,204.88,3765988,0.0,0.0,HD
2024-12-12,206.7,207.37,206.68,206.87,5949047,0.0,0.0,HD
2024-12-13,207.6,209.27,204.49,207.73,4035340,0.0,0.0,HD
2024-12-16,213.72,216.97,211.89,216.79,4237831,0.0,0.0,HD
2024-12-17,223.05,224.61,218.91,220.39,4294435,0.0,0.0,HD
2024-12-18,225.85,226.04,221.8,223.19,3430220,0.0,0.0,HD
2024-12-19,232.1,234.27,230.07,231.31,5950401,0.0,0.0,HD
2024-12-20,231.59,234.12,229.06,230.97,4089459,0.0,0.0,HD
2024-12-23,224.84,226.21,221.94,226.1,3363722,0.0,0.0,HD
2024-12-24,231.51,233.43,228.66,231.2,2643318,0.0,0.0,HD
2024-12-25,228.43,230.32,224.27,226.43,2459830,0.0,0.0,HD
2024-12-26,230.12,232.1,229.04,230.0,3522130,0.0,0.0,HD
2024-12-27,233.3,235.51,232.16,233.38,6146736,0.0,0.0,HD
2024-12-30,233.68,234.77,229.86,230.38,4878317,0.0,0.0,HD
2024-12-31,232.32,235.38,229.18,233.92,5163125,0.0,0.0,HD
2025-01-01,228.57,232.45,225.24,231.16,5027458,0.0,0.0,HD
2025-01-02,231.95,234.55,227.4,228.08,5693834,0.0,0.0,HD
2025-01-03,229.61,233.36,227.29,228.29,4555039,0.0,0.0,HD
2025-01-06,225.86,231.78,222.85,228.98,3581367,0.0,0.0,HD
2025-01-07,237.86,241.99,232.87,236.07,5524620,0.0,0.0,HD
2025-01-08,236.11,239.36,235.64,237.04,5849346,0.0,0.0,HD
2025-01-09,239.77,242.71,237.2,241.35,3934387,0.0,0.0,HD
2025-01-10,239.94,241.52,238.36,239.04,5034178,0.0,0.0,HD
2025-01-13,238.4,239.76,236.85,237.42,4598398,0.0,0.0,HD
2025-01-14,236.31,241.62,235.38,235.66,2876976,0.0,0.0,HD
2025-01-15,234.67,239.29,233.31,234.95,5750165,0.0,0.0,HD
2025-01-16,232.24,234.68,229.55,234.27,2800026,0.0,0.0,HD
2025-01-17,243.69,245.63,241.47,242.32,4625611,0.0,0.0,HD
2025-01-20,253.03,256.69,252.27,253.72,5029862,0.0,0.0,HD
2025-01-21,253.51,256.59,251.81,255.47,5998969,0.0,0.0,HD
2025-01-22,256.69,257.04,255.25,255.81,2995255,0.0,0.0,HD
2025-01-23,262.77,265.95,259.34,263.18,2315099,0.0,0.0,HD
2025-01-24,273.22,274.6,269.58,269.61,4717516,0.0,0.0,HD
2025-01-27,276.65,277.49,271.39,274.27,4521174,0.0,0.0,HD
2025-01-28,274.17,278.67,274.01,274.88,3736769,0.0,0.0,HD
2025-01-29,278.23,283.81,272.17,276.5,4145516,0.0,0.0,HD
2025-01-30,278.63,279.77,276.31,277.91,3714470,0.0,0.0,HD
2025-01-31,272.95,278.35,270.97,271.35,4392712,0.0,0.0,HD
2025-02-03,262.53,263.82,260.21,263.19,3407219,0.0,0.0,HD
2025-02-04,245.58,253.66,243.61,249.77,3884227,0.0,0.0,HD
2025-02-05,251.65,251.78,246.99,251.42,3225901,0.0,0.0,HD
2025-02-06,248.46,249.6,246.45,248.44,4700306,0.0,0.0,HD
2025-02-07,245.26,247.66,244.69,246.97,5747219,0.0,0.0,HD
2025-02-10,242.6,244.46,241.21,241.77,4434600,0.0,0.0,HD
2025-02-11,243.4,247.93,242.64,245.18,3559763,0.0,0.0,HD
2025-02-12,238.26,241.85,237.26,239.01,3618161,0.0,0.0,HD
2025-02-13,237.42,243.72,237.38,238.96,4305109,0.0,0.0,HD
2025-02-14,227.46,232.06,222.42,231.79,3481720,0.0,0.0,HD
2025-02-17,227.96,235.19,226.61,232.63,6460796,0.0,0.0,HD
2025-02-18,231.88,232.23,224.64,229.53,4050584,0.0,0.0,HD
2025-02-19,229.35,232.38,227.34,228.53,4181422,0.0,0.0,HD
2025-02-20,231.96,233.93,228.78,231.13,5094432,0.0,0.0,HD
2025-02-21,232.83,236.97,232.04,234.33,4736033,0.0,0.0,HD
2025-02-24,233.39,235.73,232.08,233.0,4574262,0.0,0.0,HD
2025-02-25,232.07,233.96,227.62,233.6,4457277,0.0,0.0,HD
2025-02-26,226.84,231.89,225.74,229.12,4567289,0.0,0.0,HD
2025-02-27,233.63,233.74,229.42,233.11,8500585,0.0,0.0,HD
2025-02-28,228.93,235.43,228.53,234.33,4376471,0.0,0.0,HD
2025-03-03,237.4,238.61,236.04,237.27,2649643,0.0,0.0,HD
2025-03-04,232.67,237.67,230.73,233.71,2139085,0.0,0.0,HD
2025-03-05,232.93,234.6,229.53,234.08,3689240,0.0,0.0,HD
2025-03-06,230.24,236.94,228.94,233.04,4462177,0.0,0.0,HD
2025-03-07,235.17,236.17,233.99,234.38,4497103,0.0,0.0,HD
2025-03-10,237.62,238.76,236.03,237.34,2000000,0.0,0.0,HD
2025-03-11,232.63,232.83,231.04,231.6,4579356,0.0,0.0,HD
2025-03-12,234.58,238.55,233.54,233.59,5429394,0.0,0.0,HD
2025-03-13,230.76,230.83,228.11,228.97,2000000,0.0,0.0,HD
2025-03-14,221.28,226.6,221.09,226.46,4788565,0.0,0.0,HD
2025-03-17,227.92,228.16,225.64,227.14,2000000,0.0,0.0,HD
2025-03-18,232.79,233.05,229.34,229.55,2844191,0.0,0.0,HD
2025-03-19,222.31,222.64,220.05,221.18,5087486,0.0,0.0,HD
2025-03-20,227.86,232.29,224.1,229.33,3828754,0.0,0.0,HD
2025-03-21,217.91,220.45,215.82,217.52,2986553,0.0,0.0,HD
2025-03-24,223.75,225.42,220.01,221.73,4976190,0.0,0.0,HD
2025-03-25,215.15,217.41,214.98,214.99,2044270,0.0,0.0,HD
2025-03-26,210.2,218.97,209.47,214.45,5809636,0.0,0.0,HD
2025-03-27,220.36,222.63,217.1,218.83,3379873,0.0,0.0,HD
2025-03-28,215.4,216.38,212.65,213.99,4431493,0.0,0.0,HD
2025-03-31,215.65,218.35,215.54,217.56,5131788,0.0,0.0,HD
2025-04-01,220.13,222.31,218.77,219.39,4158717,0.0,0.0,HD
2025-04-02,219.03,220.78,213.57,217.3,6123123,0.0,0.0,HD
2025-04-03,212.36,212.54,205.25,208.51,4687953,0.0,0.0,HD
2025-04-04,210.82,212.58,209.67,209.89,2522823,0.0,0.0,HD
2025-04-07,208.3,211.21,206.58,209.96,4891648,0.0,0.0,HD
2025-04-08,211.22,214.92,210.43,213.32,6164480,0.0,0.0,HD
2025-04-09,220.03,223.34,218.87,220.05,2600694,0.0,0.0,HD
2025-04-10,222.59,222.64,219.96,220.19,4386344,0.0,0.0,HD
2025-04-11,222.5,224.1,217.2,218.56,3818337,0.0,0.0,HD
2025-04-14,215.11,219.16,212.33,215.9,4488387,0.0,0.0,HD
2025-04-15,220.78,220.97,214.88,216.11,4255349,0.0,0.0,HD
2025-04-16,223.09,229.17,221.37,224.06,2384003,0.0,0.0,HD
2025-04-17,219.66,221.76,217.24,221.4,3945607,0.0,0.0,HD
2025-04-18,221.57,222.95,218.36,219.43,4419471,0.0,0.0,HD
2025-04-21,214.65,217.21,210.79,212.89,4313000,0.0,0.0,HD
2025-04-22,211.05,213.17,208.43,210.63,8137736,0.0,0.0,HD
2025-04-23,216.66,221.91,214.32,214.94,4928850,0.0,0.0,HD
2025-04-24,219.43,219.91,215.41,216.45,3098269,0.0,0.0,HD
2025-04-25,216.79,220.94,215.94,216.87,5212618,0.0,0.0,HD
2025-04-28,208.31,208.94,207.61,208.77,3379908,0.0,0.0,HD
2025-04-29,206.39,209.31,205.26,209.0,5973676,0.0,0.0,HD
2025-04-30,214.26,216.54,211.71,214.15,4075898,0.0,0.0,HD
2025-05-01,214.53,217.52,211.51,216.16,5122523,0.0,0.0,HD
2025-05-02,220.08,222.31,215.03,218.99,3802017,0.0,0.0,HD
2025-05-05,220.72,222.65,216.29,219.87,4064637,0.0,0.0,HD
2025-05-06,223.32,227.04,221.27,226.42,4256681,0.0,0.0,HD
2025-05-07,227.88,232.33,225.41,228.73,4288589,0.0,0.0,HD
2025-05-08,226.4,231.63,224.21,225.04,5480815,0.0,0.0,HD
2025-05-09,228.54,234.57,228.5,231.77,3872885,0.0,0.0,HD
2025-05-12,231.71,234.39,229.03,230.05,3758716,0.0,0.0,HD
2025-05-13,233.52,234.11,229.42,230.71,3322966,0.0,0.0,HD
2025-05-14,230.83,234.43,228.67,233.64,3047192,0.0,0.0,HD
2025-05-15,231.45,237.47,227.85,234.23,2305044,0.0,0.0,HD
2025-05-16,236.63,243.25,235.69,237.85,3961125,0.0,0.0,HD
2025-05-19,235.66,236.85,232.91,234.32,5134474,0.0,0.0,HD
2025-05-20,230.65,237.07,226.6,233.13,3428850,0.0,0.0,HD
2025-05-21,226.91,232.44,223.22,225.54,3366839,0.0,0.0,HD
2025-05-22,221.14,224.45,221.04,222.77,3651228,0.0,0.0,HD
2025-05-23,221.29,223.7,218.44,220.43,3522060,0.0,0.0,HD
2025-05-26,210.8,216.16,210.29,213.88,5557954,0.0,0.0,HD
2025-05-27,215.35,217.69,213.66,214.6,6127340,0.6888,0.0,HD
2025-05-28,222.82,224.05,219.13,222.07,4626210,0.0,0.0,HD
2025-05-29,222.35,222.79,217.7,218.21,5492185,0.0,0.0,HD
2025-05-30,210.21,215.04,207.46,213.48,2516310,0.0,0.0,HD
2025-06-02,211.3,213.13,210.25,212.32,3821847,0.0,0.0,HD
2025-06-03,207.25,210.59,207.08,210.39,5718704,0.0,0.0,HD
2025-06-04,214.35,215.43,213.04,214.97,2149435,0.0,0.0,HD
2025-06-05,206.31,210.58,206.05,208.4,3554035,0.0,0.0,HD
2025-06-06,213.84,216.7,211.49,212.47,5411676,0.0,0.0,HD
2025-06-09,213.87,215.07,211.31,213.65,3593504,0.0,0.0,HD
2025-06-10,216.23,216.49,212.98,214.23,2000000,0.0,0.0,HD
2025-06-11,222.46,224.14,221.13,222.18,4156982,0.0,0.0,HD
2025-06-12,218.08,221.21,211.45,219.65,3996674,0.0,0.0,HD
2025-06-13,214.16,216.17,213.74,215.16,4578923,0.0,0.0,HD
2025-06-16,222.44,223.39,219.43,221.82,3675718,0.0,0.0,HD
2025-06-17,215.34,215.76,213.42,214.69,5229509,0.0,0.0,HD
2025-06-18,209.75,213.71,208.54,211.31,4403669,0.0,0.0,HD
2025-06-19,217.53,218.95,213.41,216.15,4004749,0.0,0.0,HD
2025-06-20,211.12,215.12,210.3,211.82,4224774,0.0,0.0,HD
2025-06-23,208.59,209.91,208.39,209.18,3351351,0.0,0.0,HD
2025-06-24,203.2,205.27,201.34,204.67,3770303,0.0,0.0,HD
2025-06-25,211.37,213.98,205.59,209.92,4581015,0.0,0.0,HD
2025-06-26,210.49,213.64,209.31,210.48,2000000,0.0,0.0,HD
2025-06-27,206.51,209.54,203.76,207.68,4025120,0.0,0.0,HD
2025-06-30,203.91,206.99,202.84,206.14,2382230,0.0,0.0,HD
2025-07-01,195.6,201.38,193.06,197.6,3913621,0.0,0.0,HD
2025-07-02,200.78,201.38,195.97,198.68,2631647,0.0,0.0,HD
2025-07-03,191.03,195.61,188.0,191.56,3619228,0.0,0.0,HD
2025-07-04,189.54,192.01,188.19,189.25,3138905,0.0,0.0,HD
2025-07-07,190.5,191.05,185.14,188.68,5216841,0.0,0.0,HD
2025-07-08,192.21,192.97,191.23,192.8,2700669,0.0,0.0,HD
2025-07-09,192.9,197.23,192.49,196.9,2593691,0.0,0.0,HD
2025-07-10,197.03,198.39,195.94,197.48,4860590,0.0,0.0,HD
2025-07-11,198.31,200.15,197.4,197.7,4533692,0.0,0.0,HD
2025-07-14,199.63,201.14,194.57,197.24,5277824,0.0,0.0,HD
2025-07-15,201.63,207.83,199.62,200.14,4798800,0.0,0.0,HD
2025-07-16,200.81,202.84,197.12,202.84,4106551,0.0,0.0,HD
2025-07-17,203.43,206.78,199.51,201.11,2692293,0.0,0.0,HD
2025-07-18,200.89,201.47,196.62,199.98,3790193,0.0,0.0,HD
2025-07-21,195.28,197.34,195.19,195.95,4256871,0.0,0.0,HD
2025-07-22,198.06,198.24,195.66,196.31,5261605,0.0,0.0,HD
2025-07-23,197.15,201.9,196.0,198.93,3210099,0.0,0.0,HD
2025-07-24,192.75,194.12,186.55,190.5,2323007,0.0,0.0,HD
2025-07-25,193.36,196.97,192.44,195.6,2546152,0.0,0.0,HD
2025-07-28,191.32,194.83,189.17,194.58,4741027,0.0,0.0,HD
2025-07-29,193.27,193.97,190.84,192.05,5278575,0.0,0.0,HD
2025-07-30,188.44,191.03,187.06,189.26,3504235,0.0,0.0,HD
2025-07-31,197.61,200.97,195.49,195.88,3801046,0.0,0.0,HD
2025-08-01,198.98,201.45,196.76,197.46,5348148,0.0,0.0,HD
2025-08-04,204.43,205.85,201.11,202.32,3053645,0.0,0.0,HD
2025-08-05,208.8,208.9,202.9,205.0,3008190,0.0,0.0,HD
2025-08-06,206.65,207.76,205.77,205.92,4205982,0.0,0.0,HD
2025-08-07,208.31,209.99,205.74,208.62,3412475,0.0,0.0,HD
2025-08-08,208.06,208.79,205.2,208.74,5276174,0.0,0.0,HD
2025-08-11,206.53,208.6,203.85,207.34,2000000,0.0,0.0,HD
2025-08-12,211.47,214.02,208.63,209.89,4760408,0.0,0.0,HD
2025-08-13,209.43,209.89,204.18,206.2,2517176,0.0,0.0,HD
2025-08-14,201.45,205.36,200.26,204.59,4153702,0.0,0.0,HD
2025-08-15,203.27,208.5,201.11,207.58,4524020,0.0,0.0,HD
2025-08-18,210.02,211.38,203.86,210.98,2000000,0.0,0.0,HD
2025-08-19,210.24,211.38,208.95,210.28,5503888,0.0,0.0,HD
2025-08-20,202.04,206.84,200.02,205.0,5862021,0.0,0.0,HD
2025-08-21,201.13,203.99,198.0,200.46,2000000,0.0,0.0,HD
2025-08-22,199.99,200.18,197.04,199.96,5403927,0.0,0.0,HD
2025-08-25,201.76,204.35,197.17,203.1,6141678,0.0,0.0,HD
2025-08-26,199.56,205.55,199.15,201.62,2699537,0.0,0.0,HD
2025-08-27,197.21,199.16,194.97,195.87,3825698,0.0,0.0,HD
2025-08-28,193.96,195.91,192.09,193.57,3597472,0.0,0.0,HD
2025-08-29,188.56,191.49,185.71,187.07,4723239,0.0,0.0,HD
2025-09-01,190.95,193.9,190.58,191.09,2541402,0.0,0.0,HD
2025-09-02,187.99,188.65,186.51,188.05,5225314,0.0,0.0,HD
2025-09-03,186.15,189.08,184.96,187.9,3530158,0.0,0.0,HD
2025-09-04,180.95,182.82,180.81,182.34,5392375,0.0,0.0,HD
2025-09-05,179.91,184.75,177.61,182.63,4888523,0.0,0.0,HD
2025-09-08,185.13,185.98,182.77,183.6,4214973,0.0,0.0,HD
2025-09-09,191.25,191.27,188.33,189.44,4121317,0.0,0.0,HD
2025-09-10,190.12,192.85,187.64,189.87,5008061,0.0,0.0,HD
2025-09-11,181.8,184.41,179.31,183.95,3916247,0.0,0.0,HD
2025-09-12,187.02,189.57,184.56,185.27,3559239,0.0,0.0,HD
2025-09-15,193.92,196.85,191.59,194.98,3859790,0.0,0.0,HD
2025-09-16,197.4,200.25,194.32,198.2,2263680,0.0,0.0,HD
2025-09-17,202.59,204.33,199.37,202.6,5432613,0.0,0.0,HD
2025-09-18,200.64,204.69,197.99,203.85,3132068,0.0,0.0,HD
2025-09-19,201.78,205.37,200.34,201.69,5183918,0.0,0.0,HD
2025-09-22,203.22,211.32,201.03,209.48,4114642,0.0,0.0,HD
2025-09-23,207.55,210.7,205.74,208.58,4506420,0.0,0.0,HD
2025-09-24,218.06,219.02,214.4,218.15,4794691,0.0,0.0,HD
2025-09-25,225.62,225.88,221.88,222.42,2641344,0.0,0.0,HD
2025-09-26,228.42,230.68,221.01,223.26,5322813,0.0,0.0,HD
2025-09-29,222.26,229.07,222.0,223.88,6052542,0.0,0.0,HD
2025-09-30,221.23,221.99,217.83,221.61,5595537,0.0,0.0,HD
2025-10-01,219.11,220.29,214.65,216.53,4703588,0.0,0.0,HD
2025-10-02,223.22,226.66,218.05,218.09,2000000,0.0,0.0,HD
2025-10-03,220.61,221.46,217.64,219.96,2209822,0.0,0.0,HD
2025-10-06,217.38,220.28,214.81,216.15,4440008,0.0,0.0,HD
2025-10-07,210.32,218.13,205.62,215.2,5484102,0.0,0.0,HD
2025-10-08,218.86,221.51,217.21,218.7,6149051,0.0,0.0,HD
2025-10-09,210.93,213.32,206.34,208.08,3808718,0.0,0.0,HD
2025-10-10,211.56,214.06,207.76,208.36,3623734,0.0,0.0,HD
2025-10-13,211.02,213.44,208.37,209.52,3332284,0.0,0.0,HD
2025-10-14,209.05,212.66,207.58,209.12,4015554,0.0,0.0,HD
2025-10-15,211.28,213.28,207.18,209.86,3275302,0.0,0.0,HD
2025-10-16,210.76,211.96,207.32,207.76,3638770,0.0,0.0,HD
2025-10-17,211.05,212.91,210.18,212.73,5379603,0.0,0.0,HD
2025-10-20,213.7,214.93,210.56,211.69,4621193,0.0,0.0,HD
2025-10-21,207.29,208.81,206.33,207.67,4757708,0.0,0.0,HD
2025-10-22,209.3,211.51,207.02,211.16,2373615,0.0,0.0,HD
2025-10-23,213.04,216.32,211.84,214.57,2739102,0.0,0.0,HD
2025-10-24,214.3,218.19,208.49,217.76,3524246,0.0,0.0,HD
2025-10-27,220.82,223.05,218.52,220.17,4602219,0.0,0.0,HD
2025-10-28,224.7,230.37,222.14,227.76,4739827,0.0,0.0,HD
2025-10-29,224.24,226.39,219.36,222.91,5374978,0.0,0.0,HD
2025-10-30,228.64,228.78,224.83,226.34,5678990,0.0,0.0,HD
2025-10-31,230.87,235.64,227.44,231.67,3755960,0.0,0.0,HD
2025-11-03,230.41,232.05,223.74,230.78,3637310,0.0,0.0,HD
2025-11-04,232.99,234.73,230.84,231.3,3814111,0.0,0.0,HD
2025-11-05,232.51,236.78,229.9,234.55,4535370,0.0,0.0,HD
2025-11-06,229.32,232.31,228.63,231.92,2926105,0.0,0.0,HD
2025-11-07,224.75,227.85,221.23,224.87,3508694,0.0,0.0,HD
2025-11-10,226.69,228.11,217.84,222.67,3499008,0.0,0.0,HD
2025-11-11,218.43,219.67,215.96,218.31,5031511,0.0,0.0,HD
2025-11-12,221.32,226.06,217.58,219.85,4014702,0.0,0.0,HD
2025-11-13,221.46,224.6,220.63,222.2,3614418,0.0,0.0,HD
2025-11-14,218.55,220.67,217.05,217.3,2945462,0.0,0.0,HD
2025-11-17,217.81,219.19,215.66,217.96,3889579,0.0,0.0,HD
2025-11-18,229.01,232.56,224.66,226.88,4519991,0.0,0.0,HD
2025-11-19,229.68,234.11,227.63,232.91,4856147,0.0,0.0,HD
2025-11-20,226.77,233.92,221.39,229.65,4452150,0.0,0.0,HD
2025-11-21,224.26,227.57,222.69,224.94,5944169,0.0,0.0,HD
